id,directors,rate,title,casts,year,types,country,lang,time,movieTime,commentLen,star
1,邵艺辉,9.1,好东西,"宋佳,钟楚曦,曾慕梅,章宇,赵又廷",2024,"剧情,爱情",中国大陆,汉语普通话,2024-11-22,23,149521,"65.6%,27.6%,5.6%,0.8%,0.4%"
2,赵一龙,7.5,永夜星河,"虞书欣,丁禹兮,祝绪丹,杨仕泽,陈都灵",2024,"爱情,古装",中国大陆,汉语普通话,2024-11-01,45,297858,"25.0%,37.6%,27.0%,6.8%,3.6%"
3,张开宙,8.2,小巷人家,"闫妮,李光洁,郭晓东,蒋欣,范丞丞",2024,剧情,中国大陆,汉语普通话,2024-10-28,56,84327,"31.1%,49.9%,15.7%,2.0%,1.3%"
4,"谢泽,陈熙泰",6.1,珠帘玉幕,"赵露思,刘宇宁,唐晓天,尚新月,谢可寅",2024,"剧情,爱情,古装",中国大陆,汉语普通话,2024-11-01,44,132086,"18.8%,20.3%,24.3%,21.1%,15.6%"
5,刘循子墨,6.7,胜券在握,"邓超,邓家佳,郑云龙,喻恩泰,张本煜",2024,剧情,中国大陆,汉语普通话,2024-11-15,135,29692,"14.9%,28.3%,38.1%,15.3%,3.5%"
6,五百,6.3,浴火之路,"肖央,赵丽颖,刘烨,冯德伦,吴晓亮",2024,"剧情,犯罪","中国大陆,中国香港",汉语普通话,2024-10-01,126,132848,"9.7%,23.4%,45.0%,16.2%,5.8%"
7,"落落,魏楠",5.1,大梦归离,"侯明昊,陈都灵,田嘉瑞,程潇,林子烨",2024,"剧情,爱情,奇幻,古装",中国大陆,汉语普通话,2024-10-26,82,68872,"10.4%,11.8%,23.8%,28.4%,25.6%"
8,尹丽川 ,8.9,出走的决心,"咏梅,姜武,吴倩,张本煜,马苏",2024,"剧情,家庭",中国大陆,"汉语普通话,河南方言,四川方言",2024-09-15,106,146527,"57.4%,33.7%,7.7%,0.8%,0.4%"
9,潘耀明,7.3,焚城,"刘德华,白宇,莫文蔚,谢君豪,王菀之",2024,"剧情,动作,灾难","中国香港,中国大陆","粤语,汉语普通话",2024-11-01,136,75807,"15.2%,41.0%,36.3%,6.4%,1.2%"
10,严艺文,8.0,影后,"谢盈萱,杨谨华,薛仕凌,陈庭妮,谢琼煖",2024,"剧情,喜剧",中国台湾,汉语普通话,2024-11-07,63,25644,"30.6%,43.5%,21.3%,3.5%,1.1%"
11,科拉莉·法尔雅,7.5,某种物质,"黛米·摩尔,玛格丽特·库里,丹尼斯·奎德,爱德华·汉密尔顿-克拉克,戈雷·阿布拉姆斯",2024,"剧情,恐怖","法国,英国,美国",英语,2024-05-19,141,121009,"21.4%,42.6%,28.0%,5.7%,2.4%"
12,朱塞佩·托纳多雷,9.3,海上钢琴师,"蒂姆·罗斯,普路特·泰勒·文斯,比尔·努恩,克兰伦斯·威廉姆斯三世,梅兰尼·蒂埃里",1998,"剧情,音乐",意大利,"英语,法语,意大利语",2019-11-15,165,1781869,"71.0%,24.0%,4.4%,0.4%,0.2%"
13,押山清高,8.2,蓦然回首,"河合优实,吉田美月喜,齐藤阳一郎,森川智之,坂本真绫",2024,"剧情,动画",日本,日语,2024-10-26,75,85515,"34.0%,45.1%,18.5%,2.1%,0.3%"
14,"郭虎,任海涛",8.5,莲花楼,"成毅,曾舜晞,肖顺尧,陈都灵,王鹤润",2023,"剧情,悬疑,武侠,古装",中国大陆,汉语普通话,2023-07-23,80,773913,"46.9%,36.8%,12.9%,2.1%,1.4%"
15,"闫非,彭大魔",7.1,抓娃娃,"沈腾,马丽,史彭元,萨日娜,肖帛辰",2024,喜剧,中国大陆,"汉语普通话,英语",2024-07-16,133,666365,"14.1%,40.2%,36.0%,7.2%,2.4%"
16,帕斯卡尔·沙吕,9.4,英雄联盟：双城之战 第二季,"艾拉·珀内尔,海莉·斯坦菲尔德,梁佩诗,哈里·劳埃德,布雷特·塔克",2024,"剧情,动作,科幻,动画,奇幻,冒险",美国,英语,2024-11-09,95,27154,"78.3%,15.1%,5.2%,0.9%,0.5%"
17,张博昱,7.1,月光变奏曲,"虞书欣,丁禹兮,杨仕泽,马吟吟,王汀",2021,"剧情,爱情",中国大陆,汉语普通话,2021-05-20,84,157169,"19.0%,33.5%,36.7%,7.2%,3.5%"
18,弗兰克·德拉邦特,9.7,肖申克的救赎,"蒂姆·罗宾斯,摩根·弗里曼,鲍勃·冈顿,威廉姆·赛德勒,克兰西·布朗",1994,"剧情,犯罪",美国,英语,1994-09-10,142,3088000,"85.8%,12.8%,1.3%,0.1%,0.1%"
19,吕克·贝松,9.4,这个杀手不太冷,"让·雷诺,娜塔莉·波特曼,加里·奥德曼,丹尼·爱罗,彼得·阿佩尔",1994,"剧情,动作,犯罪","法国,美国","英语,意大利语,法语",2024-11-01,133,2436185,"73.0%,22.9%,3.6%,0.3%,0.2%"
20,宫崎骏,9.4,千与千寻,"柊瑠美,入野自由,夏木真理,菅原文太,中村彰男",2001,"剧情,动画,奇幻",日本,日语,2019-06-21,125,2387736,"73.6%,22.8%,3.3%,0.2%,0.1%"
21,"拜伦·霍华德,瑞奇·摩尔,杰拉德·布什",9.2,疯狂动物城,"金妮弗·古德温,杰森·贝特曼,伊德瑞斯·艾尔巴,珍妮·斯蕾特,内特·托伦斯",2016,"喜剧,动画,冒险",美国,"英语,挪威语",2016-03-04,109,2096966,"66.9%,28.5%,4.4%,0.2%,0.1%"
22,凯莉·马塞尔,6.5,毒液：最后一舞,"汤姆·哈迪,切瓦特·埃加福,朱诺·坦普尔,瑞斯·伊凡斯,斯蒂芬·格拉汉姆",2024,"动作,科幻,惊悚,冒险",美国,英语,2024-10-23,109,113286,"10.7%,26.1%,45.1%,14.9%,3.2%"
23,大卫·叶茨,8.3,哈利·波特与混血王子,"丹尼尔·雷德克里夫,艾玛·沃森,鲁伯特·格林特,迈克尔·刚本,大卫·勒格诺",2009,"奇幻,冒险","英国,美国",英语,2009-07-15,153,593351,"40.6%,38.7%,18.3%,2.1%,0.3%"
24,维姆·文德斯,8.5,完美的日子,"役所广司,柄本时生,中野有纱,山田葵 ,麻生祐未",2023,剧情,"日本,德国","日语,英语",2024-11-15,125,81058,"42.4%,41.6%,13.6%,1.8%,0.5%"
25,詹姆斯·卡梅隆,9.5,泰坦尼克号,"莱昂纳多·迪卡普里奥,凯特·温斯莱特,比利·赞恩,凯西·贝茨,弗兰西丝·费舍",1997,"剧情,爱情,灾难","美国,墨西哥","英语,意大利语,德语,俄语",1998-04-03,194,2339355,"76.8%,20.0%,2.9%,0.2%,0.1%"
26,"李·昂克里奇,阿德里安·莫利纳",9.1,寻梦环游记,"安东尼·冈萨雷斯,盖尔·加西亚·贝纳尔,本杰明·布拉特,阿兰娜·乌巴赫,芮妮·维克托",2017,"喜剧,动画,音乐,奇幻",美国,"英语,西班牙语",2017-11-24,105,1823926,"62.5%,30.2%,6.7%,0.4%,0.2%"
27,彼得·威尔,9.4,楚门的世界,"金·凯瑞,劳拉·琳妮,艾德·哈里斯,诺亚·艾默里奇,娜塔莎·麦克艾霍恩",1998,"剧情,科幻",美国,英语,1998-06-05,103,1869102,"72.4%,24.1%,3.3%,0.2%,0.1%"
28,宫崎骏,7.6,你想活出怎样的人生,"山时聪真,菅田将晖,柴崎幸,爱缪,木村佳乃",2023,"动画,奇幻,冒险",日本,日语,2024-04-03,124,376235,"22.0%,41.7%,30.3%,4.8%,1.2%"
29,文牧野,9.0,我不是药神,"徐峥,王传君,周一围,谭卓,章宇",2018,"剧情,喜剧",中国大陆,"汉语普通话,英语,上海话,印地语",2018-07-05,117,2233497,"58.8%,33.7%,6.8%,0.5%,0.2%"
30,罗伯特·泽米吉斯,9.5,阿甘正传,"汤姆·汉克斯,罗宾·怀特,加里·辛尼斯,麦凯尔泰·威廉逊,莎莉·菲尔德",1994,"剧情,爱情",美国,英语,1994-06-23,142,2298615,"77.0%,19.9%,2.8%,0.2%,0.1%"
31,饺子,8.4,哪吒之魔童降世,"吕艳婷,囧森瑟夫,瀚墨,陈浩,绿绮",2019,"剧情,喜剧,动画,奇幻",中国大陆,汉语普通话,2019-07-26,110,1882043,"42.3%,39.1%,15.6%,2.2%,0.8%"
32,帕克·芬恩,7.1,夺命微笑2,"娜奥米·斯科特,凯尔·加尔纳,德鲁·巴里摩尔,罗丝玛丽·德薇特,卢卡斯·盖奇",2024,"悬疑,惊悚,恐怖",美国,英语,2024-10-16,127,11197,"15.0%,38.5%,36.3%,8.0%,2.3%"
33,克里斯·哥伦布,9.2,哈利·波特与魔法石,"丹尼尔·雷德克里夫,艾玛·沃森,鲁伯特·格林特,艾伦·瑞克曼,玛吉·史密斯",2001,"奇幻,冒险","美国,英国",英语,2002-01-26,152,1314582,"65.9%,28.1%,5.5%,0.3%,0.1%"
34,劳拉·比斯普里,8.6,我的天才女友 第四季,"阿尔芭·罗尔瓦赫尔,艾琳·马伊奥里诺,法布里齐奥·吉福尼,安娜丽塔·维托罗,伊丽莎白·德·帕罗奥",2024,剧情,"意大利,美国","意大利语,那不勒斯语",2024-09-09,61,14850,"50.8%,34.1%,11.8%,2.1%,1.2%"
35,陈凯歌,9.6,霸王别姬,"张国荣,张丰毅,巩俐,葛优,英达",1993,"剧情,爱情,同性","中国大陆,中国香港",汉语普通话,1993-07-26,171,2279306,"82.5%,15.2%,1.9%,0.2%,0.2%"
36,新海诚,8.5,你的名字。,"神木隆之介,上白石萌音,长泽雅美,市原悦子,成田凌",2016,"剧情,爱情,动画",日本,日语,2016-12-02,106,1513955,"43.5%,38.7%,15.9%,1.6%,0.4%"
37,彼得·法雷里,8.9,绿皮书,"维果·莫腾森,马赫沙拉·阿里,琳达·卡德里尼,塞巴斯蒂安·马尼斯科,迪米特·D·马里诺夫",2018,"剧情,喜剧,音乐,传记","美国,中国大陆","英语,意大利语,俄语,德语",2019-03-01,130,1774084,"55.0%,37.3%,7.1%,0.4%,0.1%"
38,大卫·叶茨,8.5,哈利·波特与凤凰社,"丹尼尔·雷德克里夫,艾玛·沃森,鲁伯特·格林特,加里·奥德曼,拉尔夫·费因斯",2007,"奇幻,冒险","英国,美国",英语,2007-08-10,138,639972,"43.9%,40.6%,14.3%,1.0%,0.2%"
39,涅提·蒂瓦里,9.0,摔跤吧！爸爸,"阿米尔·汗,法缇玛·萨那·纱卡,桑亚·玛荷塔,阿帕尔夏克提·库拉那,沙克希·坦沃",2016,"剧情,家庭,传记,运动",印度,"印地语,英语",2017-05-05,161,1658216,"59.4%,33.1%,6.9%,0.5%,0.2%"
40,克里斯托弗·诺兰,9.4,星际穿越,"马修·麦康纳,安妮·海瑟薇,杰西卡·查斯坦,麦肯吉·弗依,卡西·阿弗莱克",2014,"剧情,科幻,冒险","美国,英国,加拿大",英语,2014-11-12,169,2010996,"75.6%,20.2%,3.6%,0.4%,0.2%"
41,奇道,6.5,宿敌,"廖凡,朱珠,张开泰,李健,奇道",2024,"剧情,悬疑,犯罪",中国大陆,汉语普通话,2024-11-07,86,11121,"13.5%,26.7%,39.6%,13.9%,6.4%"
42,贾玲,7.7,你好，李焕英,"贾玲,张小斐,沈腾,陈赫,刘佳",2021,"剧情,喜剧,奇幻",中国大陆,汉语普通话,2021-02-12,128,1493400,"23.4%,44.7%,27.3%,3.7%,0.9%"
43,罗伯·莱纳,9.1,怦然心动,"玛德琳·卡罗尔,卡兰·麦克奥利菲,瑞贝卡·德·莫妮,安东尼·爱德华兹,约翰·马奥尼",2010,"剧情,喜剧,爱情",美国,英语,2010-07-26,90,1945858,"62.1%,30.4%,6.8%,0.5%,0.2%"
44,拉吉库马尔·希拉尼,9.2,三傻大闹宝莱坞,"阿米尔·汗,卡琳娜·卡普尔,马达范,沙尔曼·乔希,奥米·瓦依达",2009,"剧情,喜剧,爱情,歌舞",印度,"印地语,乌尔都语,英语",2011-12-08,171,1968009,"68.9%,25.4%,5.0%,0.5%,0.2%"
45,刘乐,7.8,再见爱人 第四季,"黄圣依,杨子,李行亮,麦琳,刘爽",2024,真人秀,中国大陆,汉语普通话,2024-10-17,64,22286,"35.2%,38.7%,15.1%,3.2%,7.8%"
46,费振翔,9.6,山花烂漫时,"宋佳,兰西雅,都兰,合诗雨,杨颜嘉",2024,剧情,中国大陆,汉语普通话,2024-09-10,69,161702,"82.5%,15.0%,1.9%,0.2%,0.4%"
47,克里斯托弗·诺兰,9.4,盗梦空间,"莱昂纳多·迪卡普里奥,约瑟夫·高登-莱维特,艾利奥特·佩吉,汤姆·哈迪,渡边谦",2010,"剧情,科幻,悬疑,冒险","美国,英国","英语,日语,法语",2010-09-01,148,2198286,"72.7%,23.4%,3.5%,0.2%,0.1%"
48,尼蒂兰·萨米纳坦,8.7,因果报应,"维杰·西图帕提,阿努拉格·卡施亚普,玛玛塔·莫汉达斯,那塔拉简·苏布拉马尼亚姆,阿比拉米",2024,"动作,悬疑,犯罪",印度,泰米尔语,2024-11-29,141,150384,"47.6%,39.7%,10.9%,1.2%,0.5%"
49,雷德利·斯科特,7.1,角斗士2,"保罗·麦斯卡,佩德罗·帕斯卡,康妮·尼尔森,丹泽尔·华盛顿,约瑟夫·奎恩",2024,"剧情,动作,冒险","英国,美国",英语,2024-11-22,148,10048,"20.0%,27.9%,39.0%,10.8%,2.3%"
50,郭帆,7.9,流浪地球,"吴京,屈楚萧,李光洁,吴孟达,赵今麦",2019,"科幻,冒险,灾难",中国大陆,"汉语普通话,英语,俄语,法语,日语,韩语,印尼语",2019-02-05,125,1986469,"34.5%,36.2%,21.7%,4.9%,2.6%"
51,邵艺辉,8.1,爱情神话,"徐峥,马伊琍,吴越,倪虹洁,周野芒",2021,"剧情,喜剧,爱情",中国大陆,"汉语普通话,沪语",2021-12-24,112,780507,"27.9%,51.7%,17.9%,2.0%,0.5%"
52,姜文,9.0,让子弹飞,"姜文,葛优,周润发,刘嘉玲,陈坤",2010,"剧情,喜剧,动作,西部","中国大陆,中国香港","汉语普通话,四川话,山西话",2010-12-16,132,1813462,"60.7%,30.7%,7.7%,0.7%,0.3%"
53,何妙祺,7.4,我谈的那场恋爱,"吴君如,张天赋,邓丽欣,陈辉虹,张锦程",2024,"剧情,喜剧,爱情",中国香港,"粤语,汉语普通话",2024-11-15,114,9928,"19.7%,41.6%,31.1%,6.0%,1.6%"
54,宫崎骏,9.1,哈尔的移动城堡,"倍赏千惠子,木村拓哉,美轮明宏,我修院达也,神木隆之介",2004,"爱情,动画,奇幻,冒险",日本,日语,2024-04-30,119,1188568,"63.8%,29.1%,6.4%,0.5%,0.2%"
55,迈克·内威尔,8.8,哈利·波特与火焰杯,"丹尼尔·雷德克里夫,艾玛·沃森,鲁伯特·格林特,迈克尔·刚本,玛吉·史密斯",2005,"悬疑,奇幻,冒险","英国,美国","英语,法语",2005-11-18,157,738954,"51.7%,37.9%,9.7%,0.6%,0.1%"
56,"闫非,彭大魔",7.9,夏洛特烦恼,"沈腾,马丽,尹正,艾伦,王智",2015,"喜剧,爱情",中国大陆,汉语普通话,2015-09-30,104,1060601,"29.2%,42.3%,22.8%,4.1%,1.7%"
57,加布里埃莱·穆奇诺,9.2,当幸福来敲门,"威尔·史密斯,贾登·史密斯,坦迪·牛顿,布莱恩·豪威 ,詹姆斯·凯伦",2006,"剧情,家庭,传记",美国,"英语,粤语",2008-01-17,117,1607187,"64.7%,28.9%,5.7%,0.4%,0.2%"
58,阿方索·卡隆,9.0,哈利·波特与阿兹卡班的囚徒,"丹尼尔·雷德克里夫,艾玛·沃森,鲁伯特·格林特,加里·奥德曼,朱丽·沃特斯",2004,"奇幻,冒险","英国,美国",英语,2004-09-10,141,820820,"57.7%,34.0%,7.8%,0.4%,0.1%"
59,韩延,8.1,我们一起摇太阳,"彭昱畅,李庚希,徐帆,高亚麟,刘丹",2024,"剧情,爱情,家庭","中国大陆,中国香港",汉语普通话,2024-02-10,129,209049,"28.7%,48.7%,19.7%,2.2%,0.7%"
60,巴勃罗·贝格尔,9.0,机器人之梦,"伊万·拉班达,阿尔伯特·特里佛·塞加拉,拉法·卡尔沃,何塞·加西亚·托斯,何塞·路易斯·梅地亚维拉",2023,"剧情,动画,音乐","西班牙,法国",无对白,2024-06-08,102,234764,"60.2%,32.3%,6.7%,0.6%,0.2%"
61,冢原亚由子,7.5,最后的里程,"满岛光,冈田将生,阿部隆史,藤冈靛,火野正平",2024,"剧情,悬疑",日本,日语,2024-11-09,128,20559,"20.1%,42.1%,30.8%,5.4%,1.5%"
62,曾国祥,8.2,少年的你,"周冬雨,易烊千玺,尹昉,周也,吴越",2019,"剧情,爱情,犯罪","中国大陆,中国香港",汉语普通话,2019-10-25,135,1515244,"33.7%,46.6%,16.3%,2.1%,1.3%"
63,贾樟柯,6.2,风流一代,"赵涛,李竺斌,潘剑林,兰周,周游",2024,"剧情,爱情",中国大陆,汉语普通话,2024-11-22,111,12429,"8.8%,25.0%,41.3%,19.4%,5.4%"
64,延尚昊,8.6,釜山行,"孔刘,郑裕美,马东锡,金秀安,金义城",2016,"动作,惊悚,灾难",韩国,韩语,2016-05-13,118,1279440,"43.8%,44.2%,10.9%,0.8%,0.3%"
65,"彼特·道格特,鲍勃·彼德森",9.1,飞屋环游记,"爱德华·阿斯纳,克里斯托弗·普卢默,乔丹·长井,鲍勃·彼德森,德尔罗伊·林多",2009,"剧情,喜剧,动画,冒险",美国,英语,2009-08-04,96,1413411,"61.2%,32.2%,6.2%,0.3%,0.1%"
66,周星驰,8.9,功夫,"周星驰,元秋,元华,黄圣依,梁小龙",2004,"喜剧,动作,犯罪,奇幻","中国大陆,中国香港","粤语,汉语普通话,手语",2004-12-23,100,1238725,"54.9%,34.0%,10.2%,0.8%,0.2%"
67,"闫非,彭大魔",6.6,西虹市首富,"沈腾,宋芸桦,张一鸣,张晨光,常远",2018,喜剧,中国大陆,汉语普通话,2018-07-27,118,1063417,"10.3%,28.5%,43.7%,13.6%,4.0%"
68,詹姆斯·卡梅隆,8.8,阿凡达,"萨姆·沃辛顿,佐伊·索尔达娜,西格妮·韦弗,史蒂芬·朗,米歇尔·罗德里格兹",2009,"动作,科幻,冒险",美国,"英语,西班牙语",2010-01-04,162,1499703,"54.2%,34.9%,9.9%,0.8%,0.3%"
69,刘镇伟,9.2,大话西游之大圣娶亲,"周星驰,吴孟达,朱茵,蔡少芬,蓝洁瑛",1995,"喜剧,爱情,奇幻,古装","中国香港,中国大陆","粤语,汉语普通话",2014-10-24,95,1622070,"66.9%,26.3%,5.9%,0.5%,0.3%"
70,张艺谋,7.5,第二十条,"雷佳音,马丽,赵丽颖,高叶,刘耀文",2024,"剧情,喜剧,家庭",中国大陆,"汉语普通话,中国手语",2024-02-10,141,722292,"23.5%,40.6%,27.4%,6.1%,2.5%"
71,"郭虎,任海涛",5.9,沉香如屑·沉香重华,"杨紫,成毅,张睿,孟子义,朱泳腾",2022,古装,中国大陆,汉语普通话,2022-07-20,96,642974,"21.5%,16.1%,19.4%,20.8%,22.2%"
72,克里斯·哥伦布,8.9,哈利·波特与密室,"丹尼尔·雷德克里夫,艾玛·沃森,鲁伯特·格林特,汤姆·费尔顿,理查德·格雷弗斯",2002,"奇幻,冒险","英国,美国",英语,2003-01-24,161,846797,"54.0%,36.9%,8.6%,0.4%,0.1%"
73,李力持,8.7,唐伯虎点秋香,"周星驰,巩俐,陈百祥,郑佩佩,朱咪咪",1993,"喜剧,爱情,古装",中国香港,粤语,1993-07-01,102,1156151,"48.8%,40.4%,10.1%,0.6%,0.1%"
74,董润年,8.1,年会不能停！,"大鹏,白客,庄达菲,王迅,孙艺洲",2023,"剧情,喜剧",中国大陆,汉语普通话,2023-12-29,117,955238,"30.3%,47.4%,19.6%,2.2%,0.6%"
75,黄精甫,8.1,周处除三害,"阮经天,袁富华,陈以文,王净,谢琼煖",2023,"动作,犯罪",中国台湾,"汉语普通话,闽南语,粤语",2024-03-01,134,1016386,"29.2%,49.7%,18.7%,1.9%,0.5%"
76,宫崎骏,9.2,龙猫,"日高范子,坂本千夏,糸井重里,岛本须美,北林谷荣",1988,"动画,奇幻,冒险",日本,日语,2018-12-14,86,1342496,"64.4%,29.5%,5.8%,0.2%,0.1%"
77,徐峥,6.6,逆行人生,"徐峥,辛芷蕾,王骁,贾冰,冯兵",2024,剧情,中国大陆,汉语普通话,2024-08-09,121,205042,"10.8%,28.8%,43.6%,12.3%,4.4%"
78,大卫·叶茨,8.6,哈利·波特与死亡圣器(上),"丹尼尔·雷德克里夫,艾玛·沃森,鲁伯特·格林特,海伦娜·伯翰·卡特,拉尔夫·费因斯",2010,"奇幻,冒险","英国,美国",英语,2010-11-19,146,636651,"44.6%,40.7%,13.4%,1.1%,0.3%"
79,"皮埃尔·柯芬,克里斯·雷纳德",8.7,神偷奶爸,"史蒂夫·卡瑞尔,杰森·席格尔,拉塞尔·布兰德,朱莉·安德鲁斯,威尔·阿奈特",2010,"喜剧,动画,冒险","美国,法国",英语,2010-06-20,95,1002091,"45.3%,43.5%,10.6%,0.5%,0.1%"
80,刘镇伟,9.0,大话西游之月光宝盒,"周星驰,吴孟达,罗家英,蓝洁瑛,莫文蔚",1995,"喜剧,爱情,奇幻,古装","中国香港,中国大陆","粤语,汉语普通话",2014-10-24,88,1291948,"60.5%,31.4%,7.3%,0.6%,0.2%"
81,陈思诚,5.3,唐人街探案3,"王宝强,刘昊然,妻夫木聪,托尼·贾,长泽雅美",2021,"喜剧,悬疑","中国大陆,中国香港,日本","汉语普通话,日语,英语,泰语",2021-02-12,136,1095198,"3.6%,12.3%,41.1%,29.7%,13.2%"
82,郭帆,8.3,流浪地球2,"吴京,刘德华,李雪健,沙溢,宁理",2023,"科幻,冒险,灾难",中国大陆,"汉语普通话,俄语,英语,印地语,法语,葡萄牙语,日语,韩语,泰语,南非荷兰语",2023-01-22,173,1339390,"44.5%,34.1%,16.3%,3.5%,1.6%"
83,"奥利维埃·纳卡什,埃里克·托莱达诺",9.3,触不可及,"弗朗索瓦·克鲁塞,奥玛·希,安娜·勒尼,奥德雷·弗勒罗,约瑟芬娜·德·摩",2011,"剧情,喜剧",法国,法语,2011-11-02,112,1209498,"68.8%,26.8%,4.1%,0.3%,0.1%"
84,陈思诚,7.7,唐人街探案,"王宝强,刘昊然,佟丽娅,陈赫,肖央",2015,"喜剧,动作,悬疑",中国大陆,"汉语普通话,泰语,英语",2015-12-31,135,893505,"21.1%,49.6%,25.4%,3.0%,1.0%"
85,"尹涛,麦贯之",7.5,琉璃,"成毅,袁冰妍,刘学义,张予曦,白澍",2020,"剧情,古装",中国大陆,汉语普通话,2020-08-06,71,417687,"30.2%,29.3%,28.3%,7.9%,4.3%"
86,拉斯·霍尔斯道姆,9.4,忠犬八公的故事,"理查·基尔,莎拉·罗默尔,琼·艾伦,罗比·萨布莱特,艾瑞克·阿瓦利",2009,剧情,"美国,英国","英语,日语",2009-06-13,93,1470091,"74.9%,21.1%,3.6%,0.3%,0.1%"
87,杨圆圆,8.4,女人世界,"余金巧,方美仙,史蒂芬·金,杨圆圆",2024,纪录片,中国大陆,"英语,西班牙语,粤语,汉语普通话",2024-11-05,85,13657,"38.0%,44.5%,15.8%,1.6%,0.0%"
88,安德鲁·斯坦顿,9.3,机器人总动员,"本·贝尔特,艾丽莎·奈特,杰夫·格尔林,佛莱德·威拉特,西格妮·韦弗",2008,"科幻,动画,冒险",美国,英语,2008-06-27,98,1401016,"71.9%,23.9%,3.9%,0.2%,0.1%"
89,克里斯托夫·巴哈蒂,9.3,放牛班的春天,"让-巴蒂斯特·莫尼耶,热拉尔·朱尼奥,弗朗索瓦·贝莱昂,凯德·麦拉德,让-保罗·博奈雷",2004,"剧情,音乐","法国,瑞士,德国",法语,2004-10-16,97,1395866,"71.0%,25.2%,3.5%,0.2%,0.1%"
90,"帕斯卡尔·沙吕,阿诺德·德洛德,杰罗姆·科姆",9.0,英雄联盟：双城之战 第一季,"艾拉·珀内尔,海莉·斯坦菲尔德,凯文·阿历詹卓,杰森·斯皮萨克,梁佩诗",2021,"动作,科幻,动画,冒险","美国,法国",英语,2021-11-07,68,204598,"59.8%,32.1%,7.0%,0.9%,0.2%"
91,大卫·叶茨,9.0,哈利·波特与死亡圣器(下),"丹尼尔·雷德克里夫,艾玛·沃森,鲁伯特·格林特,海伦娜·伯翰·卡特,拉尔夫·费因斯",2011,"奇幻,冒险","美国,英国",英语,2011-08-04,130,899588,"59.7%,31.4%,8.1%,0.6%,0.2%"
92,肖恩·利维,6.9,死侍与金刚狼,"瑞安·雷诺兹,休·杰克曼,艾玛·科林,马修·麦克费登,达芙妮·基恩",2024,"喜剧,动作,科幻",美国,"英语,法语,西班牙语",2024-07-26,127,234734,"14.2%,34.0%,39.2%,9.9%,2.7%"
93,"唐·霍尔,克里斯·威廉姆斯",8.8,超能陆战队,"斯科特·安第斯,瑞恩·波特,丹尼尔·海尼,T·J·米勒,郑智麟",2014,"喜剧,动作,科幻,动画,冒险",美国,英语,2015-02-28,102,1084574,"49.1%,40.4%,9.9%,0.6%,0.1%"
94,刘栋,5.7,好团圆,"白百何,李纯,王玉雯,陈赫,于谨维",2024,剧情,中国大陆,汉语普通话,2024-10-26,86,11732,"4.6%,18.5%,45.6%,20.6%,10.7%"
95,陈思诚,6.6,唐人街探案2,"王宝强,刘昊然,肖央,刘承羽,尚语贤",2018,"喜剧,动作,悬疑",中国大陆,"汉语普通话,英语,日语,粤语",2018-02-16,121,933806,"8.4%,31.3%,45.0%,11.8%,3.6%"
96,托德·菲利普斯,6.1,小丑2：双重妄想,"华金·菲尼克斯,Lady Gaga,布莱丹·格里森,凯瑟琳·基纳,莎姬·贝兹",2024,"剧情,惊悚,歌舞,犯罪","美国,加拿大",英语,2024-10-16,138,69404,"8.9%,23.4%,38.5%,22.7%,6.5%"
97,"陈凯歌,张一白,管虎,薛晓路,徐峥,宁浩,文牧野",7.6,我和我的祖国,"黄渤,张译,韩昊霖,杜江,葛优",2019,剧情,中国大陆,汉语普通话,2019-09-30,155,1041992,"20.6%,44.7%,29.6%,4.0%,1.2%"
98,贾玲,7.6,热辣滚烫,"贾玲,雷佳音,张小斐,杨紫,沙溢",2024,"剧情,喜剧",中国大陆,汉语普通话,2024-02-10,129,845739,"29.2%,34.4%,26.1%,6.6%,3.7%"
99,申奥,6.9,孤注一掷,"张艺兴,金晨,咏梅,王传君,王大陆",2023,"剧情,犯罪",中国大陆,汉语普通话,2023-08-08,130,696958,"11.2%,34.5%,43.1%,8.6%,2.6%"
100,"克雷格·卓贝,凯文·布瑞,海伦·谢费,詹妮弗·盖辛格",8.8,企鹅人,"科林·法瑞尔,莱齐·费利兹,克里斯汀·米利欧缇,克兰西·布朗,索瑞·安达斯鲁",2024,"剧情,犯罪",美国,英语,2024-09-19,86,12579,"53.2%,34.7%,9.6%,1.5%,0.8%"
101,韩寒,6.8,飞驰人生,"沈腾,黄景瑜,尹正,张本煜,尹昉",2019,喜剧,中国大陆,"汉语普通话,英语",2019-02-05,98,983669,"11.1%,34.4%,41.7%,10.6%,2.3%"
102,乌尔善,7.8,封神第一部：朝歌风云,"费翔,李雪健,黄渤,于适,陈牧驰",2023,"动作,战争,奇幻,古装",中国大陆,汉语普通话,2023-07-20,148,1198923,"27.6%,41.8%,24.0%,4.7%,1.9%"
103,韩寒,7.6,飞驰人生2,"沈腾,范丞丞,尹正,张本煜,孙艺洲",2024,"剧情,喜剧,运动",中国大陆,汉语普通话,2024-02-10,121,706930,"22.3%,43.5%,28.2%,4.2%,1.7%"
104,李安,9.1,少年派的奇幻漂流,"苏拉·沙玛,伊尔凡·可汗,拉菲·斯波,阿迪勒·侯赛因,塔布",2012,"剧情,奇幻,冒险","美国,中国台湾,英国,加拿大","英语,泰米尔语,法语,日语,印地语,汉语普通话",2012-11-22,127,1422708,"61.6%,31.3%,6.4%,0.4%,0.2%"
105,宫崎骏,9.2,天空之城,"田中真弓,横泽启子,初井言荣,寺田农,常田富士男",1986,"动画,奇幻,冒险",日本,日语,1992-05-01,125,949661,"64.9%,29.4%,5.3%,0.3%,0.1%"
106,"崔睿,刘翔",6.2,消失的她,"朱一龙,倪妮,文咏珊,杜江,黄子琪",2022,"悬疑,犯罪",中国大陆,汉语普通话,2023-06-22,121,947527,"7.4%,24.9%,44.0%,16.7%,7.0%"
107,史蒂文·斯皮尔伯格,9.1,猫鼠游戏,"莱昂纳多·迪卡普里奥,汤姆·汉克斯,克里斯托弗·沃肯,马丁·辛,艾米·亚当斯",2002,"剧情,传记,犯罪","美国,加拿大","英语,法语",2003-04-11,141,1121613,"61.4%,33.3%,5.0%,0.2%,0.1%"
108,"刘伟强,麦兆辉",9.3,无间道,"刘德华,梁朝伟,黄秋生,曾志伟,陈慧琳",2002,"剧情,惊悚,犯罪",中国香港,粤语,2003-09-05,101,1468137,"69.5%,26.5%,3.8%,0.2%,0.1%"
109,岩井俊二,8.9,情书,"中山美穗,丰川悦司,酒井美纪,柏原崇,范文雀",1995,"剧情,爱情",日本,日语,,117,1207884,"56.7%,32.8%,9.2%,0.9%,0.3%"
110,"伊峥,钱敬午",8.1,苍兰诀,"虞书欣,王鹤棣,徐海乔,郭晓婷,张凌赫",2022,"奇幻,古装",中国大陆,汉语普通话,2022-08-07,73,775960,"41.8%,33.7%,17.4%,3.5%,3.5%"
111,费德·阿尔瓦雷兹,7.4,异形：夺命舰,"卡莉·史派妮,戴维·荣松,阿奇·雷诺,伊莎贝拉·莫塞德,斯派克·费恩",2024,"科幻,惊悚,恐怖","美国,英国",英语,2024-08-16,119,313671,"14.7%,46.7%,33.4%,4.2%,1.0%"
112,周星驰,6.7,美人鱼,"邓超,罗志祥,张雨绮,林允,徐克",2016,"喜剧,爱情,奇幻","中国大陆,中国香港","汉语普通话,英语,日语",2016-02-08,93,853586,"12.6%,28.8%,43.0%,11.9%,3.7%"
113,柯汶利,6.0,默杀,"王传君,张钧甯,吴镇宇,王圣迪,蔡明",2024,"剧情,悬疑,犯罪",中国大陆,汉语普通话,2024-07-03,119,247558,"5.6%,20.3%,47.1%,20.5%,6.5%"
114,奥里奥尔·保罗,8.8,看不见的客人,"马里奥·卡萨斯,阿娜·瓦格纳,何塞·科罗纳多,巴巴拉·莱涅,弗兰塞斯克·奥雷利亚",2016,"剧情,悬疑,惊悚,犯罪",西班牙,西班牙语,2017-09-15,106,1363889,"48.7%,41.6%,9.1%,0.5%,0.1%"
115,罗伯托·贝尼尼,9.5,美丽人生,"罗伯托·贝尼尼,尼可莱塔·布拉斯基,乔治·坎塔里尼,朱斯蒂诺·杜拉诺,赛尔乔·比尼·布斯特里克",1997,"剧情,喜剧,爱情,战争",意大利,"意大利语,德语,英语",2020-01-03,116,1404720,"80.3%,17.0%,2.3%,0.2%,0.2%"
116,娜丁·拉巴基,9.1,何以为家,"赞恩·阿尔·拉菲亚,约丹诺斯·希费罗,博鲁瓦蒂夫·特雷杰·班科尔,卡萨尔·艾尔·哈达德,法迪·尤瑟夫",2018,剧情,"黎巴嫩,美国,法国,塞浦路斯,卡塔尔,英国","阿拉伯语,阿姆哈拉语",2019-04-29,126,1110565,"60.2%,33.8%,5.4%,0.4%,0.2%"
117,"宁浩,徐磊",5.5,爆款好人,"葛优,李雪琴,杨皓宇,桑平,刘敏涛",2024,"剧情,喜剧",中国大陆,汉语普通话,2024-10-01,113,31282,"6.5%,13.7%,41.4%,27.5%,10.9%"
118,刘国彤,7.3,底线,"靳东,成毅,蔡文静,王秀竹,曾梦雪",2022,"剧情,犯罪",中国大陆,汉语普通话,2022-09-19,87,177338,"22.3%,38.5%,28.3%,4.7%,6.1%"
119,董越,6.3,戴假发的人,"黄晓明,王影璐,李丛喜,黄璐,陈传凯",2024,"剧情,悬疑,犯罪",中国大陆,汉语普通话,2024-11-16,121,4051,"11.2%,30.1%,31.0%,20.1%,7.7%"
120,,8.3,守护解放西5,,2024,纪录片,中国大陆,汉语普通话,2024-09-13,74,6920,"36.6%,43.9%,18.0%,1.3%,0.3%"
121,奉俊昊,8.8,寄生虫,"宋康昊,李善均,曹汝贞,崔宇植,朴素丹",2019,剧情,韩国,"韩语,英语",2019-05-21,132,1464767,"50.0%,41.2%,7.9%,0.6%,0.3%"
122,何小疯,8.0,伍六七之记忆碎片,"何小疯,姜广涛,段艺璇,宝木中阳,米立",2024,"喜剧,动作,动画,奇幻,冒险,武侠",中国大陆,汉语普通话,2024-10-02,93,10400,"34.9%,37.2%,20.6%,4.6%,2.6%"
123,"周星驰,李力持",8.8,喜剧之王,"周星驰,张柏芝,莫文蔚,吴孟达,林子善",1999,"剧情,喜剧,爱情",中国香港,粤语,1999-02-13,89,1032346,"52.1%,38.1%,9.1%,0.6%,0.1%"
124,张艺谋,7.0,满江红,"沈腾,易烊千玺,张译,雷佳音,岳云鹏",2023,"剧情,喜剧,悬疑,古装",中国大陆,"汉语普通话,中国手语",2023-01-22,159,1108211,"16.8%,35.7%,32.7%,9.1%,5.6%"
125,"罗杰·阿勒斯,罗伯·明可夫",9.1,狮子王,"乔纳森·泰勒·托马斯,马修·布罗德里克,杰瑞米·艾恩斯,詹姆斯·厄尔·琼斯,莫伊拉·凯利",1994,"动画,歌舞,冒险",美国,"英语,斯瓦希里语,科萨语,祖鲁语",1995-07-15,89,905767,"61.5%,31.9%,6.2%,0.3%,0.1%"
126,"刘国楠,赵立军",6.0,与君歌,"成毅,张予曦,韩栋,宣璐,何晟铭",2021,"爱情,悬疑,古装",中国大陆,汉语普通话,2021-08-08,95,138295,"30.9%,8.8%,16.4%,19.7%,24.2%"
127,陈思诚,6.0,解密,"刘昊然,约翰·库萨克,陈道明,吴彦祖,俞飞鸿",2024,"剧情,历史",中国大陆,"汉语普通话,英语",2024-08-03,156,131690,"7.9%,21.7%,41.0%,20.3%,9.1%"
128,算,7.9,边水往事,"郭麒麟,吴镇宇,尤勇智,王迅,齐溪",2024,"剧情,冒险",中国大陆,汉语普通话,2024-08-16,90,245411,"25.9%,48.9%,21.9%,2.5%,0.8%"
129,马丁·布莱斯特,9.1,闻香识女人,"阿尔·帕西诺,克里斯·奥唐纳,詹姆斯·瑞布霍恩,加布里埃尔·安瓦尔,菲利普·塞默·霍夫曼",1992,剧情,美国,英语,1992-12-23,157,959469,"63.2%,30.1%,6.1%,0.5%,0.1%"
130,阿兰·葛斯彭纳,9.3,海蒂和爷爷,"阿努克·斯特芬,布鲁诺·冈茨,昆林·艾格匹,安娜·申茨,伊莎贝尔·奥特曼",2015,"剧情,家庭,冒险","德国,瑞士","南非语,德语,瑞士德语",2019-05-16,111,700672,"69.8%,25.4%,4.4%,0.3%,0.1%"
131,史蒂文·斯皮尔伯格,8.6,头号玩家,"泰伊·谢里丹,奥利维亚·库克,本·门德尔森,马克·里朗斯,丽娜·维特",2018,"动作,科幻,冒险",美国,"英语,日语,汉语普通话",2018-03-30,140,1444379,"48.2%,38.0%,12.1%,1.3%,0.4%"
132,王伟,8.9,白夜追凶,"潘粤明,王龙正,梁缘,吕晓霖,尹姝贻",2017,"剧情,悬疑,犯罪",中国大陆,汉语普通话,2017-08-30,98,658853,"57.4%,33.3%,8.1%,0.9%,0.3%"
133,史蒂文·斯皮尔伯格,9.5,辛德勒的名单,"连姆·尼森,本·金斯利,拉尔夫·费因斯,卡罗琳·古多尔,乔纳森·萨加尔",1993,"剧情,历史,战争",美国,"英语,希伯来语,德语,波兰语",1993-11-30,195,1187569,"80.2%,17.3%,2.1%,0.1%,0.2%"
134,林超贤,8.2,红海行动,"张译,黄景瑜,海清,杜江,蒋璐霞",2018,"动作,战争","中国大陆,中国香港","汉语普通话,阿拉伯语,英语,索马里语,粤语",2018-02-16,138,1068922,"37.6%,41.5%,17.4%,2.5%,1.0%"
135,"安东尼·罗素,乔·罗素",8.5,复仇者联盟4：终局之战,"小罗伯特·唐尼,克里斯·埃文斯,克里斯·海姆斯沃斯,马克·鲁弗洛,斯嘉丽·约翰逊",2019,"剧情,动作,科幻,奇幻,冒险",美国,"英语,日语,科萨语",2019-04-24,181,1110278,"46.2%,35.2%,15.7%,2.0%,0.9%"
136,吴京,7.1,战狼2,"吴京,弗兰克·格里罗,吴刚,张翰,卢靖姗",2017,"动作,战争",中国大陆,"汉语普通话,英语",2017-07-27,123,928602,"22.4%,32.4%,29.9%,9.3%,6.0%"
137,贝纳尔多·贝托鲁奇,9.3,末代皇帝,"尊龙,陈冲,邬君梅,彼得·奥图尔,英若诚",1987,"剧情,传记,历史","英国,意大利,中国大陆,法国","英语,汉语普通话,日语",1987-10-04,163,960562,"70.6%,25.1%,3.9%,0.3%,0.1%"
138,"柯克·德·米科,克里斯·桑德斯",8.7,疯狂原始人,"尼古拉斯·凯奇,艾玛·斯通,瑞安·雷诺兹,凯瑟琳·基纳,克萝丽丝·利奇曼",2013,"喜剧,动画,冒险",美国,英语,2013-04-20,98,883676,"46.6%,41.4%,11.2%,0.6%,0.1%"
139,帕特·波尼蒂帕特,8.9,姥姥的外孙,"普提蓬·阿萨拉塔纳功,乌萨·萨梅坎姆,莎琳拉·托马斯,三亚·库纳康,邦沙敦·宗威拉克",2024,剧情,泰国,"泰语,潮州话",2024-08-23,127,220981,"53.4%,37.4%,8.3%,0.6%,0.3%"
140,朱塞佩·托纳多雷,8.9,西西里的美丽传说,"莫妮卡·贝鲁奇,朱塞佩·苏尔法罗,Luciano Federico,玛蒂尔德·皮亚纳,Pietro Notarianni",2000,"剧情,情色,战争","意大利,美国","意大利语,英语,拉丁语,古希腊语",2000-10-27,108,1040721,"55.4%,36.5%,7.4%,0.5%,0.2%"
141,达米恩·查泽雷,8.4,爱乐之城,"瑞恩·高斯林,艾玛·斯通,约翰·传奇,罗丝玛丽·德薇特,芬·维特洛克",2016,"剧情,爱情,歌舞",美国,英语,2017-02-14,128,1021724,"43.5%,37.8%,15.8%,2.2%,0.6%"
142,土井裕泰,8.6,花束般的恋爱,"菅田将晖,有村架纯,细田佳央太,清原果耶,小田切让",2021,"剧情,爱情",日本,日语,2022-02-22,124,731646,"44.7%,42.2%,11.7%,1.1%,0.4%"
143,"梁旋,张春",7.0,大鱼海棠,"季冠霖,苏尚卿,许魏洲,金士杰,杨婷",2016,"剧情,动画,奇幻",中国大陆,汉语普通话,2016-07-08,105,598813,"18.0%,32.2%,35.5%,10.3%,4.0%"
144,戈尔·维宾斯基,8.8,加勒比海盗,"约翰尼·德普,杰弗里·拉什,奥兰多·布鲁姆,凯拉·奈特莉,杰克·达文波特",2003,"动作,奇幻,冒险",美国,英语,2003-11-21,143,916789,"52.0%,38.7%,8.8%,0.5%,0.1%"
145,"彼特·道格特,罗纳尔多·德尔·卡门",8.8,头脑特工队,"艾米·波勒,菲利丝·史密斯,理查德·坎德,比尔·哈德尔,刘易斯·布莱克",2015,"喜剧,动画,冒险",美国,英语,2015-10-06,95,723008,"53.1%,36.1%,9.9%,0.7%,0.2%"
146,"李昂,刘洪源",5.7,南风知我意,"成毅,张予曦,付辛博,李欣泽,梁婧娴",2023,"剧情,爱情",中国大陆,汉语普通话,2023-09-12,61,110435,"9.9%,14.7%,37.9%,24.2%,13.3%"
147,李阳,7.4,从21世纪安全撤离,"张若昀,钟楚曦,宋洋,吴晓亮,朱颜曼滋",2024,"喜剧,科幻",中国大陆,汉语普通话,2024-08-02,98,240914,"23.4%,36.3%,28.3%,8.6%,3.4%"
148,托德·菲利普斯,8.7,小丑,"华金·菲尼克斯,罗伯特·德尼罗,马克·马龙,莎姬·贝兹,谢伊·惠格姆",2019,"剧情,惊悚,犯罪","美国,加拿大",英语,2019-08-31,122,1079619,"51.0%,37.3%,10.0%,1.1%,0.6%"
149,鲁本·弗雷斯彻,7.2,毒液：致命守护者,"汤姆·哈迪,米歇尔·威廉姆斯,里兹·阿迈德,斯科特·黑兹,瑞德·斯科特",2018,"动作,科幻,惊悚","美国,中国大陆","英语,汉语普通话",2018-11-09,112,861655,"11.8%,42.0%,40.3%,5.3%,0.7%"
150,李超,9.2,花儿与少年·丝路季,"秦海璐,秦岚,辛芷蕾,迪丽热巴,赵昭仪",2023,真人秀,中国大陆,汉语普通话,2023-10-25,67,191619,"71.2%,22.3%,4.8%,0.9%,0.7%"
151,克里斯·桑德斯,8.1,荒野机器人,"露皮塔·尼永奥,佩德罗·帕斯卡,基特·康纳,凯瑟琳·欧哈拉,比尔·奈伊",2024,"科幻,动画,冒险",美国,英语,2024-09-20,102,60902,"33.3%,43.1%,20.9%,2.3%,0.4%"
152,"彼特·道格特,凯普·鲍尔斯",8.7,心灵奇旅,"杰米·福克斯,蒂娜·菲,菲利西亚·拉斯海德,阿米尔-卡利布·汤普森,戴维德·迪格斯",2020,"动画,音乐,奇幻",美国,英语,2020-12-25,101,1064164,"48.7%,38.5%,11.9%,0.8%,0.1%"
153,凯尔西·曼,8.4,头脑特工队2,"艾米·波勒,玛雅·霍克,肯辛顿·托尔曼,莉萨·拉皮拉,托尼·海尔",2024,"剧情,喜剧,动画,奇幻,冒险",美国,英语,2024-06-21,96,253992,"38.5%,44.4%,15.8%,1.1%,0.2%"
154,"陈健喜,李佳锴",7.0,白蛇：浮生,"张喆,杨天翔,唐小喜,张赫,刘琮",2024,"喜剧,爱情,动画,奇幻",中国大陆,汉语普通话,2024-08-10,133,110987,"14.9%,35.1%,39.2%,9.1%,1.7%"
155,柯汶利,7.5,误杀,"肖央,谭卓,陈冲,姜皓文,秦沛",2019,"剧情,悬疑,犯罪",中国大陆,"汉语普通话,泰语",2019-12-13,112,933130,"15.5%,49.8%,29.8%,3.9%,0.9%"
156,克里斯托弗·诺兰,9.2,蝙蝠侠：黑暗骑士,"克里斯蒂安·贝尔,希斯·莱杰,艾伦·艾克哈特,迈克尔·凯恩,玛吉·吉伦哈尔",2008,"剧情,动作,科幻,惊悚,犯罪","美国,英国","英语,汉语普通话",2008-07-14,152,1131876,"68.2%,25.6%,5.6%,0.4%,0.2%"
157,弗朗西斯·福特·科波拉,9.3,教父,"马龙·白兰度,阿尔·帕西诺,詹姆斯·肯恩,理查德·卡斯特尔诺,罗伯特·杜瓦尔",1972,"剧情,犯罪",美国,"英语,意大利语,拉丁语",1972-03-15,175,1038304,"72.2%,22.7%,4.5%,0.4%,0.2%"
158,"黄家康,赵霁",7.8,白蛇：缘起,"张喆,杨天翔,唐小喜,刘薇,张遥函",2019,"爱情,动画,奇幻","中国大陆,美国",汉语普通话,2019-01-11,99,793775,"23.6%,45.3%,27.3%,3.3%,0.5%"
159,赵德胤,6.0,乔妍的心事,"赵丽颖,辛芷蕾,黄觉,董宝石,安沺",2024,"剧情,悬疑",中国大陆,"汉语普通话,云南方言",2024-10-26,112,83839,"13.8%,16.5%,35.5%,23.3%,10.8%"
160,陈茂贤,8.7,破·地狱,"黄子华,许冠文,卫诗雅,朱栢康,周家怡",2024,"剧情,家庭",中国香港,粤语,2024-11-09,126,4426,"53.8%,32.4%,11.2%,1.7%,0.8%"
161,龙飞,8.0,走走停停,"胡歌,高圆圆,岳红,周野芒,金靖",2024,"剧情,喜剧,家庭",中国大陆,"汉语普通话,四川话",2024-06-08,103,269146,"26.7%,50.6%,20.1%,2.1%,0.5%"
162,辛爽,9.4,漫长的季节,"范伟,秦昊,陈明昊,李庚希,刘奕铁",2023,"剧情,家庭,犯罪",中国大陆,汉语普通话,2023-04-22,85,1047290,"76.1%,20.1%,3.2%,0.4%,0.2%"
163,蒂姆·波顿,8.7,剪刀手爱德华,"约翰尼·德普,薇诺娜·瑞德,黛安·韦斯特,安东尼·迈克尔·豪尔,凯西·贝克",1990,"剧情,爱情,奇幻",美国,英语,1990-12-06,105,1083067,"48.4%,39.8%,10.8%,0.8%,0.2%"
164,顾长卫,7.3,刺猬,"葛优,王俊凯,李萍,刘威葳,耿乐",2024,"剧情,喜剧,家庭","中国大陆,中国香港",汉语普通话,2024-08-23,103,255951,"17.2%,39.7%,34.8%,6.7%,1.6%"
165,大庆,4.8,逆鳞,"沈腾,张雨绮,高捷,蔡文静,曲哲明",2024,"剧情,犯罪",中国大陆,"汉语普通话,粤语",2024-08-23,112,31183,"3.9%,9.5%,34.8%,27.9%,23.9%"
166,戴墨,7.6,三大队,"张译,李晨,魏晨,曹炳琨,王骁",2023,"剧情,犯罪",中国大陆,汉语普通话,2023-12-15,132,486412,"19.2%,47.3%,29.3%,3.6%,0.7%"
167,"陈凯歌,徐克,林超贤,宁海强",7.4,长津湖,"吴京,易烊千玺,段奕宏,朱亚文,李晨",2021,"剧情,历史,战争","中国大陆,中国香港","汉语普通话,英语",2021-09-30,176,785449,"24.0%,32.9%,32.2%,8.7%,2.1%"
168,"迪恩·德布洛斯,克里斯·桑德斯",8.8,驯龙高手,"杰伊·巴鲁切尔,杰拉德·巴特勒,克雷格·费格森,亚美莉卡·费雷拉,乔纳·希尔",2010,"动画,奇幻,冒险",美国,英语,2010-05-14,98,807355,"49.2%,40.8%,9.4%,0.4%,0.1%"
169,黄东赫,9.3,熔炉,"孔刘,郑裕美,金贤秀,郑仁絮,白承焕",2011,剧情,韩国,韩语,2011-09-22,125,987253,"71.5%,24.9%,3.3%,0.2%,0.1%"
170,郑晓龙,9.4,后宫·甄嬛传,"孙俪,陈建斌,蔡少芬,李东学,蒋欣",2011,"剧情,古装",中国大陆,汉语普通话,2011-11-17,78,807406,"75.6%,20.5%,3.0%,0.3%,0.5%"
171,李安,8.7,色，戒,"梁朝伟,汤唯,陈冲,王力宏,庹宗华",2007,"剧情,爱情,情色","中国台湾,中国大陆,美国,中国香港","汉语普通话,上海话,英语,粤语,日语,印地语",2007-11-01,158,893597,"48.7%,39.2%,11.0%,0.8%,0.3%"
172,"宋阳,张吃鱼",6.8,羞羞的铁拳,"艾伦,马丽,沈腾,田雨,宋阳",2017,"喜剧,奇幻",中国大陆,汉语普通话,2017-09-30,100,740992,"11.0%,33.0%,43.3%,10.1%,2.5%"
173,"柏杉,司元甲",8.6,唐朝诡事录之西行,"杨旭文,杨志刚,郜思雯,孙雪宁,陈创",2024,"悬疑,奇幻,古装","中国大陆,新加坡",汉语普通话,2024-07-18,87,233682,"46.2%,40.1%,11.4%,1.8%,0.6%"
174,乔·赖特,8.7,傲慢与偏见,"凯拉·奈特莉,马修·麦克费登,唐纳德·萨瑟兰,布兰达·布莱斯,凯瑞·穆里根",2005,"剧情,爱情","法国,英国,美国",英语,2005-09-16,129,864933,"48.7%,39.9%,10.5%,0.8%,0.2%"
175,彼得·杰克逊,9.1,指环王1：护戒使者,"伊利亚·伍德,西恩·奥斯汀,伊恩·麦克莱恩,维果·莫腾森,奥兰多·布鲁姆",2001,"剧情,动作,奇幻,冒险","新西兰,美国","英语,辛达林语",2002-04-04,179,905455,"63.7%,28.7%,6.8%,0.6%,0.2%"
176,韦斯·安德森,8.9,布达佩斯大饭店,"拉尔夫·费因斯,托尼·雷沃罗利,阿德里安·布罗迪,威廉·达福,裘德·洛",2014,"剧情,喜剧,冒险","美国,德国,英国","英语,法语,德语",2014-02-06,99,1018014,"55.2%,35.9%,8.1%,0.7%,0.2%"
177,高朋,7.7,老枪,"祖峰,秦海璐,周政杰,冯雷,邵兵",2023,"剧情,犯罪",中国大陆,汉语普通话,2024-11-01,117,17270,"18.4%,51.4%,26.9%,2.7%,0.6%"
178,彼得·威尔,9.2,死亡诗社,"罗宾·威廉姆斯,罗伯特·肖恩·莱纳德,伊桑·霍克,乔西·查尔斯,盖尔·汉森",1989,剧情,美国,"英语,拉丁语",1989-06-02,128,805919,"66.3%,27.4%,5.7%,0.5%,0.2%"
179,张艺谋,9.3,活着,"葛优,巩俐,姜武,牛犇,郭涛",1994,"剧情,家庭,历史","中国大陆,中国香港",汉语普通话,1994-06-30,132,912256,"70.3%,25.4%,3.9%,0.3%,0.1%"
180,殷若昕,6.5,野孩子,"王俊凯,关子勰,邓家佳,陈永胜,潘斌龙",2024,剧情,中国大陆,汉语普通话,2024-09-13,127,156141,"15.7%,19.8%,43.0%,17.3%,4.3%"
